Column1;gene_id;base_mean;log2FoldChange;lfcSE;stat;p_value;adj_p_value;gene_name
150;ENSDARG00000079456;32,72012628;-3,236764008;0,779859133;15,74643869;7,24E-05;0,007845467;si:ch211-149a19,3
7;ENSDARG00000094965;252,11002;-2,798254711;0,297498447;81,13672705;2,11E-19;5,00E-16;nfil3-5
399;ENSDARG00000074739;53,70745301;-2,506473164;0,773768097;9,63104196;0,00191316;0,07791214;slitrk3b
419;ENSDARG00000104730;194,0895647;-2,426786968;0,745330706;9,374959869;0,002199695;0,085305125;si:dkey-33b17,3
271;ENSDARG00000079340;53,27427211;-2,384311796;0,673927381;11,76419204;0,000603811;0,036204143;slc47a4
224;ENSDARG00000062874;28,4759517;-2,30205527;0,628950878;12,81403749;0,000344028;0,024955878;hcar1-3
1;ENSDARG00000052377;1463,109549;-2,232884484;0,150904103;203,3999338;3,78E-46;6,15E-42;psmd12
292;ENSDARG00000075012;48,74815646;-1,946483295;0,567077899;11,3055084;0,000772775;0,043002804;glra2
324;ENSDARG00000053558;25,08749537;-1,91946591;0,58303058;10,65038699;0,001100479;0,055190369;rtkn2a
421;ENSDARG00000061517;37,75114217;-1,861435138;0,599021927;9,357209264;0,002221101;0,085726049;lrp1bb
167;ENSDARG00000017744;62,34037272;-1,766569865;0,449441769;14,85367615;0,000116181;0,011056568;smc2
183;ENSDARG00000027290;97,27552783;-1,733352058;0,450829362;14,15463914;0,000168381;0,014950979;nrp1b
247;ENSDARG00000074708;39,08800148;-1,728218909;0,489836783;12,21501254;0,000474065;0,03106081;armc3
208;ENSDARG00000001767;60,69840493;-1,693427362;0,457106024;13,18124816;0,000282764;0,022089606;slc29a2
361;ENSDARG00000089292;23,44258943;-1,69256862;0,528462205;10,18537557;0,001415589;0,063717184;adgrl1a
415;ENSDARG00000095909;45,7051768;-1,666196736;0,53914316;9,402107026;0,002167362;0,084851344;BX539325,2
362;ENSDARG00000060023;33,80307972;-1,665030797;0,515766221;10,16571105;0,001430767;0,064222478;ncapg2
85;ENSDARG00000075707;123,2462701;-1,664106368;0,354986013;21,33750859;3,85E-06;0,000736217;nid2a
46;ENSDARG00000035942;295,3037088;-1,652884114;0,296847348;29,83020845;4,72E-08;1,67E-05;hrh3
242;ENSDARG00000098650;38,79370482;-1,637057381;0,462165421;12,30097951;0,000452721;0,030397759;iqgap3
336;ENSDARG00000094958;113,9234478;-1,625453152;0,491339421;10,53170963;0,001173436;0,05674751;CR392341,3
32;ENSDARG00000095590;1284,104876;-1,620161153;0,260419147;36,94781499;1,21E-09;6,16E-07;spp2
148;ENSDARG00000102176;211,0240393;-1,613309636;0,3963948;15,8777738;6,76E-05;0,007418281;pla1a
412;ENSDARG00000098976;59,06553664;-1,592126442;0,511225021;9,43664359;0,002126924;0,083884433;CU457778,1
269;ENSDARG00000017773;166,9652189;-1,565155155;0,441982134;11,77707914;0,000599645;0,036104734;slc16a12a
372;ENSDARG00000057863;25,83869047;-1,560300643;0,49051091;10,06843952;0,001508307;0,065883023;dnmt3bb,3
13;ENSDARG00000042637;476,0026123;-1,495021608;0,176370119;69,88647515;6,28E-17;7,85E-14;tert
238;ENSDARG00000087732;203,2554152;-1,431791967;0,399860541;12,35370169;0,000440113;0,029922156;BX649540,1
382;ENSDARG00000116843;45,08220168;-1,420211878;0,447524925;9,914854697;0,001639501;0,069769854;BX324216,4
252;ENSDARG00000038505;41,16453313;-1,397818782;0,398935803;12,1721591;0,000485081;0,031366473;polr2h
302;ENSDARG00000069029;104,2980203;-1,38487975;0,411760625;11,0620946;0,000881105;0,047095668;acss2l
151;ENSDARG00000078069;216,7534313;-1,372605809;0,341531562;15,61367118;7,77E-05;0,008360256;rrm2
437;ENSDARG00000094710;34,36128656;-1,364511925;0,450115917;9,111636382;0,002539886;0,094377973;si:dkey-79i2,4
142;ENSDARG00000103887;57,53572124;-1,344263514;0,334689625;16,01331028;6,29E-05;0,007197475;carmil1
54;ENSDARG00000079308;375,9144299;-1,342193643;0,251281331;27,75429793;1,38E-07;4,14E-05;tor3a
225;ENSDARG00000069018;151,1877944;-1,298559913;0,358751667;12,78757559;0,000348929;0,025198879;cyp7a1
29;ENSDARG00000062487;572,4798051;-1,269984643;0,201053636;38,87661325;4,51E-10;2,53E-07;si:dkey-6n6,1
248;ENSDARG00000101279;120,0115343;-1,266841675;0,357193517;12,23075449;0,000470082;0,03106081;ndr2
261;ENSDARG00000055889;57,3739827;-1,264666886;0,363180857;12,03186416;0,000522987;0,032559476;zgc:153215
18;ENSDARG00000102720;2838,197889;-1,23805097;0,15746493;60,07535719;9,13E-15;8,24E-12;zgc:123284
49;ENSDARG00000099873;212,9111485;-1,231625437;0,22945639;28,33937139;1,02E-07;3,38E-05;zgc:163083
64;ENSDARG00000105212;607,1341023;-1,226212989;0,241291048;25,20521317;5,15E-07;0,000130862;cfhl1
229;ENSDARG00000024488;62,45219771;-1,185803085;0,331204011;12,69470758;0,000366692;0,026019115;top2a
363;ENSDARG00000040224;86,8745739;-1,180719413;0,3662801;10,14950149;0,001443403;0,064611158;krcp
135;ENSDARG00000102873;181,2827842;-1,17548543;0,286719495;16,46574123;4,95E-05;0,005962438;CT956002,2
27;ENSDARG00000018809;539,0312596;-1,167263174;0,17751076;42,44726642;7,26E-11;4,37E-08;abhd3
74;ENSDARG00000015236;119,7650408;-1,157114225;0,24038408;22,98915671;1,63E-06;0,000357736;pycr3
433;ENSDARG00000005058;73,04488768;-1,138112651;0,371545615;9,188207617;0,002435793;0,091406928;ncapd2
100;ENSDARG00000101890;371,8841384;-1,13563781;0,257532981;19,05695456;1,27E-05;0,002045495;pigr
139;ENSDARG00000025859;91,14941352;-1,132879026;0,281197764;16,10724507;5,99E-05;0,006996961;lmf2b
169;ENSDARG00000099091;149,527938;-1,128437013;0,290441871;14,86789519;0,000115309;0,011056568;CU929418,1
188;ENSDARG00000025788;155,1149626;-1,123278239;0,297998926;13,95088305;0,000187649;0,016201594;chp2
19;ENSDARG00000091131;1927,962386;-1,108422916;0,144164317;57,82604886;2,86E-14;2,45E-11;cry3b
439;ENSDARG00000037640;67,07798622;-1,090644461;0,360287894;9,100274271;0,002555712;0,094381271;aurkb
179;ENSDARG00000096502;104,5853742;-1,089932714;0,286361039;14,32275362;0,000153992;0,013978885;BX088688,1
173;ENSDARG00000062510;196,4560533;-1,076205189;0,278585896;14,67463836;0,000127754;0,011999252;bcl11ba
266;ENSDARG00000087059;63,72418279;-1,067792084;0,309713213;11,8307006;0,000582621;0,035590239;selenou1b
239;ENSDARG00000091150;158,0084147;-1,05946028;0,298702315;12,3565658;0,000439438;0,029922156;mki67
443;ENSDARG00000034773;60,82688555;-1,054457944;0,347790827;9,084782332;0,002577452;0,094589831;ncapd3
176;ENSDARG00000035732;91,61604402;-1,049276972;0,274836819;14,47634364;0,000141931;0,013103602;arntl1b
356;ENSDARG00000078866;388,4026063;-1,024095089;0,316531927;10,26455765;0,001356102;0,061896936;sdk1a
175;ENSDARG00000079901;2725,690511;-1,014941058;0,262898307;14,59405634;0,000133334;0,012423941;si:ch73-15n24,1
126;ENSDARG00000056065;147,274303;-1,014619469;0,242560288;17,28428139;3,22E-05;0,004150435;mov10b,2
245;ENSDARG00000004169;130,4106097;-1,014375427;0,287547338;12,2241805;0,000471741;0,03106081;stmn1a
149;ENSDARG00000007383;212,8024967;-1,01429593;0,253641242;15,76223352;7,18E-05;0,007832453;kcnk6
319;ENSDARG00000035718;1260,488995;-1,008747119;0,304304406;10,75923005;0,001037605;0,053006983;cbln6
141;ENSDARG00000099424;118,9575081;-0,991838274;0,247338963;16,01632117;6,28E-05;0,007197475;lcat
45;ENSDARG00000055592;275,2715499;-0,981664962;0,17820573;30,0966418;4,11E-08;1,48E-05;capn2b
374;ENSDARG00000041595;6502,976967;-0,971667919;0,304070349;10,0035569;0,001562382;0,067699041;ces3
368;ENSDARG00000103760;991,4809823;-0,969444449;0,30255719;10,09014893;0,001490641;0,065814075;cfhl2
344;ENSDARG00000099771;182,8291389;-0,966354425;0,297706164;10,40121249;0,001259326;0,059655968;gne
55;ENSDARG00000075614;1329,564777;-0,961885746;0,181700617;27,58204117;1,51E-07;4,45E-05;apoc4
24;ENSDARG00000074526;709,8698946;-0,961452728;0,141907982;45,33061384;1,66E-11;1,13E-08;zbtb16b
195;ENSDARG00000100599;284,3150576;-0,955151504;0,256815689;13,62642164;0,000223025;0,018584235;c1s
422;ENSDARG00000059361;528,088396;-0,946275157;0,306237045;9,330447445;0,002253773;0,086780948;slc39a4
202;ENSDARG00000093864;398,0679088;-0,942765565;0,254684865;13,49642524;0,000239018;0,019226779;wee1
411;ENSDARG00000078389;149,7635109;-0,932873518;0,301011875;9,492571278;0,002063055;0,081563454;ifi46
383;ENSDARG00000074425;245,9339237;-0,920713385;0,289845897;9,908146331;0,001645488;0,069810783;si:busm1-57f23,1
358;ENSDARG00000075626;177,0042588;-0,908173689;0,282357093;10,23904172;0,00137499;0,062408415;zgc:172090
52;ENSDARG00000104654;2410,774959;-0,905703195;0,169913297;27,97683781;1,23E-07;3,84E-05;leap2
300;ENSDARG00000014041;106,6489206;-0,901304448;0,269654822;11,07855119;0,00087332;0,047095668;smarcad1a
402;ENSDARG00000094132;452,931427;-0,898218458;0,286746072;9,577074075;0,001970221;0,079637136;igf1
128;ENSDARG00000110151;196,0219057;-0,897376251;0,21718313;16,95787084;3,82E-05;0,004851664;ank3b
338;ENSDARG00000104205;839,3185173;-0,872566395;0,267270134;10,48793651;0,001201565;0,057817131;cfhl3
160;ENSDARG00000017984;382,5717739;-0,862513932;0,220446038;15,13164087;0,000100269;0,010182903;zgc:172106
444;ENSDARG00000035875;86,96549018;-0,861778025;0,285977455;9,047217618;0,002630949;0,09628444;tmem54b
429;ENSDARG00000042894;99,13820647;-0,858672061;0,281510354;9,206310603;0,002411823;0,091138852;tyms
407;ENSDARG00000111458;432,1854926;-0,85635063;0,275228738;9,527235393;0,002024449;0,080823744;wu:fi09b08
416;ENSDARG00000098915;103,2689563;-0,83996404;0,273139179;9,397911058;0,002172328;0,084851344;si:ch211-216p19,5
107;ENSDARG00000092578;1056,492624;-0,83692502;0,193717919;18,44840309;1,75E-05;0,002674611;si:ch211-222e20,4
340;ENSDARG00000069439;205,2433114;-0,834551839;0,256864505;10,46713516;0,00121517;0,058074412;ptgdsa
197;ENSDARG00000059817;370,5154255;-0,830181329;0,224018917;13,58283227;0,000228264;0,018739293;mtmr12
275;ENSDARG00000114910;518,2073786;-0,82508858;0,239415169;11,69096113;0,000628044;0,037109436;FO704772,2
50;ENSDARG00000019492;3608,767582;-0,824384188;0,154361429;28,16643131;1,11E-07;3,59E-05;shbg
163;ENSDARG00000058734;333,4701795;-0,82153162;0,211151614;15,00225724;0,000107383;0,010629108;prdx1
246;ENSDARG00000042630;466,2972997;-0,820554956;0,23349482;12,21802845;0,000473299;0,03106081;hebp2
438;ENSDARG00000103551;149,0388278;-0,817972277;0,269584862;9,108671348;0,002544006;0,094377973;rnf213b
288;ENSDARG00000022213;154,5024988;-0,812433427;0,239804987;11,40564027;0,000732215;0,04131165;uck2b
333;ENSDARG00000002385;269,6860114;-0,806245278;0,246373049;10,5814367;0,001142289;0,055738878;atm
136;ENSDARG00000037397;213,0283302;-0,801208531;0,197362306;16,3707635;5,21E-05;0,006222702;ssrp1a
270;ENSDARG00000060041;377,5915705;-0,794171912;0,229739087;11,77619164;0,000599931;0,036104734;lig1
146;ENSDARG00000008573;597,3468875;-0,792723609;0,197905535;15,88169018;6,74E-05;0,007418281;fam20b
329;ENSDARG00000043313;288,3714958;-0,789385882;0,241179769;10,6163203;0,001120939;0,055283062;ank2b
231;ENSDARG00000012610;270,274475;-0,78424023;0,220502453;12,54760836;0,000396714;0,027812709;saga
117;ENSDARG00000037968;354,3221429;-0,780851409;0,185010676;17,65814186;2,64E-05;0,003671734;fus
398;ENSDARG00000035562;182,6829865;-0,775507243;0,248628696;9,655925626;0,001887418;0,077056909;mpdu1a
77;ENSDARG00000020834;422,7597988;-0,761099455;0,16001593;22,47260963;2,13E-06;0,000449826;si:dkey-230p4,1
417;ENSDARG00000073789;180,4966256;-0,750631865;0,243897578;9,390579579;0,002181032;0,084987041;zmp:0000000735
226;ENSDARG00000033950;545,2130387;-0,746480135;0,207878012;12,77556853;0,000351176;0,025248923;lamb2l
192;ENSDARG00000042780;16543,20425;-0,74443307;0,198925276;13,81868768;0,000201324;0,017038075;apoba
296;ENSDARG00000021547;312,4421952;-0,734313723;0,218476342;11,2130883;0,000812224;0,044587277;vrk2
332;ENSDARG00000103978;147,4773123;-0,734011118;0,224976907;10,59080605;0,001136514;0,055624153;sh3bp5b
218;ENSDARG00000039517;2583,357384;-0,733754273;0,203098873;12,90478358;0,000327743;0,024317365;c8b
110;ENSDARG00000102998;488,3897934;-0,732109742;0,170910367;18,20388682;1,98E-05;0,002931813;taf6
262;ENSDARG00000038297;355,3771423;-0,730783378;0,211000082;11,90573445;0,000559614;0,034706747;aspdh
315;ENSDARG00000010097;706,6467445;-0,728806764;0,220974187;10,7827283;0,001024516;0,052848744;f9a
320;ENSDARG00000104393;188,4930193;-0,728465413;0,221641365;10,72725131;0,001055691;0,053606034;npr2
168;ENSDARG00000052470;1889,196819;-0,724015771;0,186877774;14,85267837;0,000116243;0,011056568;igfbp2a
164;ENSDARG00000071863;557,9754851;-0,718038558;0,184769233;14,99652968;0,000107709;0,010629108;itgb1a
322;ENSDARG00000076820;248,149979;-0,715390468;0,218430229;10,66305039;0,00109297;0,054983494;xkr8,2
165;ENSDARG00000099093;257,7348177;-0,714649237;0,184122506;14,992611;0,000107933;0,010629108;dock1
307;ENSDARG00000014017;724,4657411;-0,712930239;0,213905684;10,99642331;0,000912879;0,048317159;rrm1
106;ENSDARG00000079388;1121,171064;-0,712885075;0,165251448;18,43148568;1,76E-05;0,002674611;agrn
388;ENSDARG00000053728;155,8104446;-0,71194993;0,227370718;9,771797711;0,001772091;0,07421316;ttll3
425;ENSDARG00000055099;250,0136361;-0,691111399;0,226329543;9,262271716;0,002339227;0,08922558;fam184b
436;ENSDARG00000058394;453,956817;-0,669224625;0,220747626;9,118410172;0,002530498;0,094307476;tagln3b
414;ENSDARG00000104344;283,1087979;-0,666720358;0,216709456;9,408505374;0,002159812;0,084770017;ccdc127a
359;ENSDARG00000019772;3723,67125;-0,665398153;0,207293676;10,21436367;0,001393511;0,063072854;si:ch1073-280e3,1
70;ENSDARG00000057231;905,3432529;-0,661919847;0,134719581;23,97944528;9,74E-07;0,000226023;rorca
285;ENSDARG00000074686;1794,445294;-0,661843749;0,193798145;11,54425818;0,000679588;0,038862539;oga
145;ENSDARG00000116628;479,817734;-0,653713228;0,163111524;15,97163238;6,43E-05;0,007205455;ly97,3
251;ENSDARG00000010641;855,541017;-0,639001362;0,182510613;12,16689739;0,000486452;0,031366473;slc20a1b
295;ENSDARG00000052207;7361,16025;-0,637703898;0,189493581;11,22482028;0,000807106;0,044456487;c3a,3
174;ENSDARG00000045014;512,0683776;-0,636191496;0,166090189;14,58742418;0,000133805;0,012423941;tuba2
243;ENSDARG00000089924;1335,117792;-0,621709174;0,176882827;12,26797743;0,000460797;0,030812746;aldh2,1
347;ENSDARG00000101989;413,0526593;-0,620306228;0,192263734;10,36484866;0,001284374;0,060023446;thrap3a
88;ENSDARG00000077004;25599,17949;-0,608857939;0,132438054;20,98277894;4,63E-06;0,000855714;aldh1l1
228;ENSDARG00000024478;2178,343285;-0,605501593;0,169206276;12,71727407;0,000362293;0,025819766;mpc2
268;ENSDARG00000043304;462,6935201;-0,604561644;0,175532589;11,79883474;0,000592678;0,035934424;nop2
442;ENSDARG00000021677;273,5821843;-0,600111446;0,198636338;9,083809494;0,002578823;0,094589831;phf11
410;ENSDARG00000068710;2803,337762;-0,596973662;0,192858659;9,497218049;0,002057837;0,08155558;nid1a
408;ENSDARG00000031709;393,8919344;-0,587629267;0,190036379;9,516889114;0,002035894;0,080883237;mllt1b
256;ENSDARG00000054202;613,3700686;-0,586489243;0,168221323;12,09399168;0,000505846;0,031982435;hbl4
287;ENSDARG00000089434;439,1011987;-0,57616485;0,170127643;11,41403171;0,000728915;0,041268767;etv7
420;ENSDARG00000038669;341,1097705;-0,57530386;0,187662706;9,361101736;0,002216389;0,085726049;gbp2
379;ENSDARG00000037655;659,3711916;-0,556543672;0,176009713;9,942191948;0,001615331;0,069254648;pls3
323;ENSDARG00000100482;5277,769069;-0,555473356;0,169515767;10,66449588;0,001092116;0,054983494;pmt
134;ENSDARG00000043010;1088,403165;-0,553604789;0,136104607;16,46694446;4,95E-05;0,005962438;camk2d1
185;ENSDARG00000003869;799,0876982;-0,541997276;0,144079998;14,08711006;0,000174536;0,015329902;decr1
314;ENSDARG00000044125;884,5009924;-0,533638977;0,16188143;10,81744417;0,001005482;0,05203209;txn
334;ENSDARG00000023157;1317,373429;-0,524620317;0,161054148;10,56293659;0,001153778;0,056130932;cbln10
430;ENSDARG00000093760;640,8181289;-0,521589437;0,171544832;9,208538137;0,00240889;0,091138852;si:ch211-197h24,9
384;ENSDARG00000041904;371,800473;-0,518802804;0,164822397;9,878007302;0,00167266;0,070594936;ankzf1
392;ENSDARG00000016775;464,3511446;-0,509211347;0,163043557;9,715289273;0,001827413;0,075556326;aqr
377;ENSDARG00000099465;4587,250089;-0,498627448;0,157402505;9,98092761;0,0015817;0,068172521;rnf213a
404;ENSDARG00000090943;990,7292324;-0,494948698;0,159742275;9,565894308;0,001982256;0,079726929;CABZ01033205,1
381;ENSDARG00000096359;7834,618733;-0,493811966;0,156411673;9,917778458;0,001636898;0,069769854;eppk1
331;ENSDARG00000035427;526,5008473;-0,49320007;0,151171014;10,6062531;0,001127058;0,055328016;surf6
387;ENSDARG00000021048;748,8898829;-0,492812122;0,157083394;9,806701831;0,001738771;0,073005899;clptm1l
298;ENSDARG00000000730;632,4508225;-0,492022944;0,146818573;11,19244884;0,000821309;0,044783378;slc6a22,1
380;ENSDARG00000020738;10663,94627;-0,490131677;0,155290082;9,914037199;0,001640229;0,069769854;zgc:153921
190;ENSDARG00000035133;1974,446733;-0,489313288;0,131081555;13,87793146;0,000195076;0,016641279;pho
201;ENSDARG00000073688;841,7523907;-0,487856306;0,132552241;13,49961329;0,000238613;0,019226779;nav2a
283;ENSDARG00000062646;918,1947909;-0,481465714;0,141244109;11,57583643;0,000668144;0,038396204;tet3
427;ENSDARG00000056226;2453,62294;-0,480647011;0,157732083;9,245987948;0,002360119;0,08981166;creb3l3a
357;ENSDARG00000069242;1642,867233;-0,475562555;0,148110477;10,25592;0,001362467;0,062013225;pdia5
235;ENSDARG00000053405;1226,726602;-0,464997541;0,131552205;12,45082347;0,000417808;0,028889171;sord
352;ENSDARG00000099742;611,1597244;-0,462530708;0,143689354;10,32972747;0,001309045;0,060568522;heatr1
240;ENSDARG00000016484;1196,627151;-0,453375341;0,128870694;12,3391892;0,000443548;0,030030022;dkc1
279;ENSDARG00000016771;282738,0863;-0,442877295;0,129615546;11,6206651;0,000652231;0,037861727;tfa
301;ENSDARG00000017422;3082,012017;-0,43854135;0,131571129;11,06613141;0,000879189;0,047095668;apmap
341;ENSDARG00000078214;1391,579046;-0,424014857;0,13092505;10,45329247;0,00122431;0,058339645;mybbp1a
397;ENSDARG00000007421;8535,921774;-0,403627433;0,12962537;9,660297653;0,001882931;0,077056909;ftcd
432;ENSDARG00000015575;3039,859659;0,351382739;0,115764203;9,193577853;0,002428657;0,091350113;cyp3c1
360;ENSDARG00000013056;4576,010662;0,360130505;0,112574654;10,20875303;0,001397757;0,063089293;itpk1a
400;ENSDARG00000017338;2951,007709;0,363653856;0,117247297;9,597336546;0,001948598;0,079156926;kidins220b
306;ENSDARG00000070844;45578,45365;0,366003806;0,110079931;11,02607796;0,00089839;0,047705695;gamt
311;ENSDARG00000074852;13312,47432;0,367300414;0,11113162;10,89588058;0,000963784;0,050355369;myo15b
389;ENSDARG00000097683;15759,10738;0,370567548;0,118506861;9,752364553;0,001790922;0,074808978;sptbn5
342;ENSDARG00000025522;3479,317398;0,375324198;0,116157416;10,41122785;0,001252514;0,059509082;sgk1
423;ENSDARG00000023820;47815,1099;0,377553094;0,123715462;9,282247559;0,002313853;0,088883698;faxdc2
391;ENSDARG00000041022;1469,495109;0,400290009;0,128185412;9,725679895;0,001817111;0,075514667;pdcd4b
385;ENSDARG00000102442;2459,500092;0,40377909;0,128264772;9,881402039;0,001669577;0,070594936;folr
447;ENSDARG00000019932;1242,728333;0,403958335;0,13452732;8,993852984;0,002708892;0,098471574;slc5a11
370;ENSDARG00000042379;1885,276337;0,409666417;0,128827151;10,07879296;0,001499856;0,06586798;TMEM120A
390;ENSDARG00000055647;1821,056829;0,413027541;0,132171762;9,737159938;0,001805797;0,075236908;ftr82
206;ENSDARG00000041083;4965,105518;0,417425444;0,114375383;13,27779967;0,000268568;0,021184241;anpepa
170;ENSDARG00000103459;5686,725927;0,417444707;0,10813668;14,85083942;0,000116356;0,011056568;evplb
424;ENSDARG00000015978;2410,800251;0,429719458;0,140922897;9,26641982;0,002333935;0,08922558;COX5B
376;ENSDARG00000002791;33905,20794;0,43387747;0,136953751;9,995208516;0,001569481;0,067825771;atp1a1a,1
293;ENSDARG00000025902;840,5072077;0,436380679;0,129767699;11,28006884;0,000783437;0,043447304;plekhg5a
434;ENSDARG00000029308;1386,824676;0,439344261;0,14492809;9,158301858;0,002475922;0,092640036;prr15lb
272;ENSDARG00000014727;5622,630047;0,440176724;0,128213714;11,74045988;0,000611559;0,036400087;acox1
194;ENSDARG00000039093;13819,82116;0,445552607;0,120247387;13,66710937;0,000218244;0,018279592;got1
213;ENSDARG00000005463;1714,899777;0,447230902;0,1236983;13,0276741;0,000306922;0,023413932;slc30a1a
155;ENSDARG00000102249;13303,24013;0,447929794;0,113715036;15,45632872;8,44E-05;0,008883894;pepd
327;ENSDARG00000019496;3685,805621;0,448739737;0,137469938;10,61335073;0,001122741;0,055283062;esd
230;ENSDARG00000103503;11393,56415;0,449502668;0,126428678;12,58403721;0,000389055;0,027485918;dgat1a
184;ENSDARG00000004870;1299,719151;0,450650647;0,119743652;14,11952784;0,000171554;0,015149856;psen1
378;ENSDARG00000100555;2058,419363;0,453543158;0,143368432;9,966919399;0,001593779;0,068511431;aqp11
364;ENSDARG00000040568;693,6136822;0,454786429;0,142647916;10,13495456;0,001454838;0,064944142;pdzd3a
375;ENSDARG00000074301;4096,884568;0,461043039;0,14536887;10,00430588;0,001561746;0,067699041;cth
328;ENSDARG00000034443;1425,622386;0,463369287;0,141941742;10,62029575;0,001118532;0,055283062;mpped2
290;ENSDARG00000099389;32760,89742;0,469325748;0,139094489;11,33605038;0,000760168;0,042593013;cdo1
162;ENSDARG00000006125;1878,45785;0,470633799;0,121023152;15,06652485;0,000103788;0,010410154;csnk1db
258;ENSDARG00000038159;1165,217302;0,471062834;0,135324725;12,07671984;0,000510553;0,032154972;tcf7l1a
234;ENSDARG00000018757;2023,134438;0,473195217;0,133464992;12,5200179;0,000402615;0,027957657;klf5l
428;ENSDARG00000099185;571798,4902;0,477013373;0,15661801;9,234937614;0,002374405;0,090144172;chia,2
233;ENSDARG00000079980;15320,38831;0,477482437;0,134564647;12,53547097;0,000399299;0,027846389;si:ch211-202h22,9
267;ENSDARG00000062489;1617,059918;0,479854347;0,13935556;11,81138717;0,000588696;0,035826644;march8
330;ENSDARG00000054288;1938,402876;0,479970249;0,1470156;10,61431011;0,001122158;0,055283062;zgc:63972
253;ENSDARG00000033609;1989,867939;0,481317206;0,137958693;12,12336217;0,00049794;0,031852749;map1lc3a
214;ENSDARG00000094438;3385,978392;0,482613701;0,133672476;12,97699584;0,000315342;0,023943853;plac8,2
182;ENSDARG00000098538;7776,621765;0,483003905;0,127825037;14,20608696;0,00016384;0,014627642;CABZ01112049,1
108;ENSDARG00000031587;2841,841218;0,483277669;0,1125632;18,35501344;1,83E-05;0,002758357;flvcr1
203;ENSDARG00000045658;996,7436979;0,486120582;0,132295794;13,45344828;0,000244556;0,019575345;msrb3
426;ENSDARG00000091727;345,0490368;0,491293408;0,161188103;9,267713062;0,002332287;0,08922558;CABZ01061592,1
355;ENSDARG00000017261;878,1024861;0,492197048;0,153102502;10,29472737;0,001334109;0,061064595;gdpd1
255;ENSDARG00000113826;1593,11182;0,492901148;0,141283339;12,12036353;0,000498742;0,031852749;si:ch211-223k15,1
348;ENSDARG00000105644;15941,81118;0,494402368;0,153213345;10,36322514;0,001285504;0,060023446;zgc:172079
343;ENSDARG00000045257;1421,742798;0,497991845;0,154131545;10,39590819;0,001262949;0,059655968;decr2
431;ENSDARG00000003615;4356,150513;0,498463381;0,163984929;9,19484712;0,002426974;0,091350113;slc26a3,2
446;ENSDARG00000087625;4762,731681;0,500669026;0,1664282;9,003003986;0,002695362;0,098199412;si:ch211-173a9,6
241;ENSDARG00000075172;2409,211504;0,503133548;0,143049297;12,31460216;0,000449428;0,030301924;fbxo25
133;ENSDARG00000104538;4607,506576;0,503658175;0,123697289;16,49986891;4,87E-05;0,005944133;tmem184a
309;ENSDARG00000034105;742,3607823;0,504478689;0,152196025;10,93939554;0,000941409;0,049345004;mtus1b
123;ENSDARG00000042124;2096,931728;0,505749401;0,120751342;17,46726208;2,92E-05;0,003861423;si:dkey-4e7,3
310;ENSDARG00000067806;7226,004;0,509641044;0,153649961;10,94134954;0,000940416;0,049345004;zgc:158432
124;ENSDARG00000004930;7625,190754;0,509973398;0,121782986;17,43778575;2,97E-05;0,003890137;lmo7a
353;ENSDARG00000061858;31371,66251;0,510161213;0,158441439;10,31446007;0,001319919;0,060757407;zgc:153968
286;ENSDARG00000045486;706,1811162;0,518956503;0,153091373;11,44472023;0,000716974;0,040734668;pawr
281;ENSDARG00000071021;2911,852485;0,520822176;0,152467314;11,60087987;0,000659206;0,038119012;papss2a
105;ENSDARG00000037476;1457,858466;0,522296396;0,121332756;18,44837852;1,75E-05;0,002674611;sorbs3
200;ENSDARG00000003113;21683,28221;0,522811533;0,141814935;13,51866887;0,000236202;0,019190223;ada
99;ENSDARG00000068515;29041,06395;0,52357715;0,119547932;19,07900459;1,25E-05;0,002045495;chs1
95;ENSDARG00000020984;4944,35904;0,526129475;0,11944714;19,29762721;1,12E-05;0,001913025;slc16a10
236;ENSDARG00000056781;32215,27942;0,527013197;0,148961073;12,42681043;0,000423214;0,029139006;zanl
264;ENSDARG00000035869;14787,29188;0,528647078;0,15288467;11,88597875;0,000565581;0,03481108;azin1b
113;ENSDARG00000100515;6390,383018;0,52870844;0,124384949;17,96406308;2,25E-05;0,003237075;dusp1
413;ENSDARG00000059651;350,3238808;0,531615048;0,173006663;9,411098092;0,00215676;0,084770017;cidec
210;ENSDARG00000038475;8766,994931;0,533172188;0,147010283;13,08085119;0,00029833;0,022943394;acy1
97;ENSDARG00000079420;7392,242339;0,541810214;0,123433492;19,1475965;1,21E-05;0,002026766;dpp4
111;ENSDARG00000009594;3698,127849;0,542860783;0,127365432;18,06719492;2,13E-05;0,003121624;nr1d2b
204;ENSDARG00000016357;3904,343133;0,550214682;0,149673439;13,41290235;0,000249899;0,019904982;fmo5
263;ENSDARG00000059672;439,9751295;0,551309856;0,159575353;11,89542497;0,00056272;0,034766674;arhgap36
365;ENSDARG00000042562;2872,613427;0,557431955;0,174695823;10,11897754;0,001467504;0,065151559;allc
211;ENSDARG00000092172;927,2204669;0,557911952;0,153896434;13,08033788;0,000298412;0,022943394;si:dkey-96n2,1
212;ENSDARG00000098224;4042,602799;0,558133944;0,153877844;13,07451032;0,000299341;0,022943394;tlcd4b
76;ENSDARG00000040747;55438,94927;0,563314597;0,117736972;22,74270145;1,85E-06;0,000395976;tm4sf4
199;ENSDARG00000090346;2006,497117;0,565660716;0,152986531;13,57178363;0,000229611;0,018748496;zmp:0000000991
337;ENSDARG00000099359;477,478538;0,567103553;0,174591343;10,48623753;0,00120267;0,057817131;CR855320,1
58;ENSDARG00000103428;5391,918923;0,576067581;0,110180703;27,17001389;1,86E-07;5,26E-05;ogdhb
280;ENSDARG00000042920;6709,80899;0,579082566;0,169263813;11,62010601;0,000652427;0,037861727;sult3st3
59;ENSDARG00000091006;5569,745268;0,583548447;0,111723281;27,11031294;1,92E-07;5,29E-05;cobl
53;ENSDARG00000010936;16442,95759;0,585891923;0,110683506;27,82574973;1,33E-07;4,07E-05;abcb4
118;ENSDARG00000044562;2568,923088;0,587450488;0,139548811;17,6077492;2,71E-05;0,003680086;cycsb
193;ENSDARG00000054454;807,2788833;0,590651917;0,159047924;13,71594469;0,000212642;0,017902652;epha4a
346;ENSDARG00000018342;719,6395559;0,591129667;0,182973816;10,3789676;0,001274589;0,059857815;ggt1b
312;ENSDARG00000004078;7232,17673;0,59275309;0,179056012;10,88250447;0,000970769;0,050524947;acsl4a
93;ENSDARG00000105287;10703,3526;0,594003278;0,13247014;19,97043568;7,86E-06;0,00139697;mpp1
158;ENSDARG00000099814;649,4076845;0,595453666;0,152326798;15,20182158;9,66E-05;0,009935562;FBXO46
349;ENSDARG00000104569;8213,281409;0,597601968;0,184654021;10,35594956;0,001290581;0,060087807;CABZ01088484,1
92;ENSDARG00000096655;1589,216629;0,60021998;0,133987047;19,93895261;8,00E-06;0,00139697;BX901920,1
369;ENSDARG00000104716;207,0434362;0,604271885;0,190042725;10,08528835;0,001494578;0,065814075;zgc:91849
409;ENSDARG00000094557;4147,785433;0,609688125;0,196815672;9,521156833;0,002031165;0,080883237;nupr1b
366;ENSDARG00000056108;1205,854748;0,611817777;0,19166223;10,12190411;0,001465176;0,065151559;ndufa4
221;ENSDARG00000041140;527,5390507;0,61182815;0,170157769;12,85807482;0,000336026;0,024594992;ddb2
335;ENSDARG00000059354;905,2007292;0,615975326;0,188931676;10,53710195;0,001170017;0,05674751;glmp
326;ENSDARG00000013845;1194,534004;0,617660542;0,188827269;10,62565669;0,001115294;0,055283062;ttc14
318;ENSDARG00000003142;598,255932;0,618148407;0,187950213;10,75383969;0,001040632;0,053006983;dachc
219;ENSDARG00000039576;373,4732871;0,620713014;0,172278625;12,92076692;0,000324957;0,024317365;fstl1b
73;ENSDARG00000100315;5850,84839;0,623083345;0,12871213;23,24659508;1,43E-06;0,000318473;slc15a1a
345;ENSDARG00000003977;2108,067733;0,624244044;0,19303496;10,38194165;0,001272538;0,059857815;zgc:153896
152;ENSDARG00000036943;1514,411428;0,625452593;0,158029188;15,55043812;8,03E-05;0,008587707;golph3l
445;ENSDARG00000031814;293,9162973;0,62891006;0,208933136;9,014884502;0,002677898;0,097782396;dhrs13b,1
205;ENSDARG00000019644;1659,962458;0,637270281;0,173965274;13,32174474;0,000262346;0,020794436;ldhba
129;ENSDARG00000016918;57447,6401;0,64083568;0,155126626;16,92505665;3,89E-05;0,00487861;ace2
82;ENSDARG00000103226;2181,649607;0,642484416;0,137004671;21,80476964;3,02E-06;0,000598139;dhcr7
71;ENSDARG00000061375;6645,368729;0,651802574;0,134177083;23,40732368;1,31E-06;0,000299985;sgpl1
278;ENSDARG00000019686;339,5548994;0,651889306;0,190325396;11,6655892;0,000636668;0,037213002;fgl2b
232;ENSDARG00000110186;789,2583783;0,653895557;0,183952433;12,54576935;0,000397104;0,027812709;CDCP1
104;ENSDARG00000116608;478,4871588;0,653990031;0,150557316;18,77708816;1,47E-05;0,002295509;pitx1
291;ENSDARG00000039423;5717,987644;0,657591816;0,194522864;11,32688867;0,000763928;0,042656579;AL831745,1
284;ENSDARG00000055656;341,0889015;0,657679054;0,193095191;11,53867756;0,000681631;0,038862539;pdzd3b
273;ENSDARG00000093043;498,6084549;0,662313029;0,192592966;11,74345446;0,000610576;0,036400087;ugt2a7
120;ENSDARG00000057125;2701,36099;0,664908123;0,15778496;17,60566944;2,72E-05;0,003680086;pld1b
56;ENSDARG00000045141;993,9431305;0,666954096;0,127321288;27,26126866;1,78E-07;5,16E-05;aqp8a,1
317;ENSDARG00000002609;324,0968877;0,667768311;0,202914502;10,7627086;0,001035657;0,053006983;rnf145a
84;ENSDARG00000055897;1975,11602;0,668390746;0,143885435;21,40692373;3,71E-06;0,000718491;zgc:154093
441;ENSDARG00000044047;377,4295089;0,66877764;0,220462223;9,094404121;0,002563927;0,094469965;slc18b1
321;ENSDARG00000057064;11830,41099;0,670637821;0,204094303;10,69063971;0,00107679;0,054507025;enpep
367;ENSDARG00000045006;175,156303;0,675361954;0,212015755;10,10210542;0,001481;0,06557159;ptprga
289;ENSDARG00000104721;345,1799163;0,683472315;0,202155229;11,35211779;0,00075362;0,04237221;si:dkey-203a12,9
91;ENSDARG00000032639;91976,65544;0,685462478;0,152723275;19,95448257;7,93E-06;0,00139697;cd36
125;ENSDARG00000059035;28837,9182;0,687715756;0,16445735;17,32195064;3,16E-05;0,004101521;porb
114;ENSDARG00000010946;2897,488947;0,692655785;0,162939153;17,89893346;2,33E-05;0,00326313;cbsb
156;ENSDARG00000039351;1318,175581;0,695546752;0,176841928;15,33521889;9,00E-05;0,009376765;ccl19b
405;ENSDARG00000004782;140,4635101;0,697137321;0,225279218;9,541747956;0,002008504;0,080426792;fgfr3
90;ENSDARG00000062182;2642,378165;0,697445655;0,154894964;20,08009651;7,43E-06;0,001340823;slc22a7b,3
161;ENSDARG00000052923;800,5337317;0,704483393;0,180534448;15,09378077;0,0001023;0,010324651;zgc:113162
394;ENSDARG00000070453;484,5693831;0,706584156;0,225839091;9,71056514;0,001832117;0,075558537;gch1
191;ENSDARG00000053853;191576,5079;0,708693262;0,189289363;13,87278043;0,000195611;0,016641279;slc13a2
177;ENSDARG00000008029;13582,05459;0,710776295;0,186512652;14,3756807;0,000149724;0,013744962;mep1a,2
81;ENSDARG00000059729;6654,758497;0,714998453;0,15131927;22,10114739;2,59E-06;0,000518875;sec14l8
94;ENSDARG00000043856;596,9100691;0,715527944;0,159762346;19,90958108;8,12E-06;0,001403506;amd1
187;ENSDARG00000059166;407,1881944;0,715539831;0,190087722;14,03532557;0,000179408;0,015589338;slc22a13b
132;ENSDARG00000073704;746,0258409;0,719950159;0,176009861;16,58771929;4,65E-05;0,005718027;si:dkeyp-72g9,4
42;ENSDARG00000101629;86487,53695;0,72055226;0,127644698;31,53440872;1,96E-08;7,58E-06;CABZ01079192,1
98;ENSDARG00000095863;71401,26079;0,721211397;0,16400537;19,11762478;1,23E-05;0,002037834;afp4
171;ENSDARG00000105779;458,8442777;0,721926565;0,186465694;14,85835321;0,000115894;0,011056568;BX322787,1
354;ENSDARG00000096739;4261,970132;0,722700277;0,223838811;10,30628442;0,001325779;0,060854775;si:dkey-219e21,2
396;ENSDARG00000000241;972,007821;0,725324794;0,232263373;9,658545349;0,001884728;0,077056909;slc40a1
277;ENSDARG00000013926;4791,22073;0,728331348;0,21199242;11,66899695;0,000635503;0,037213002;slc16a9a
48;ENSDARG00000006029;3349,19733;0,730615538;0,135423657;28,81532779;7,96E-08;2,70E-05;lta4h
386;ENSDARG00000099796;166,1447283;0,732603464;0,232638349;9,86965279;0,001680272;0,070732492;si:dkey-285b23,3
154;ENSDARG00000100792;40536,44759;0,734296637;0,185831749;15,44939873;8,47E-05;0,008883894;zgc:154142
294;ENSDARG00000077690;228,0543124;0,75520169;0,224198752;11,25930697;0,000792248;0,043786514;mb21d2
72;ENSDARG00000041691;1231,266365;0,757556041;0,156374847;23,23886353;1,43E-06;0,000318473;bhlhe41
44;ENSDARG00000035120;4834,007014;0,771626773;0,139093498;30,39758085;3,52E-08;1,30E-05;gldc
178;ENSDARG00000008491;1682,10169;0,77373762;0,203240365;14,32482126;0,000153823;0,013978885;si:ch211-107o10,3
79;ENSDARG00000087805;379,9043446;0,77488782;0,16371726;22,24834387;2,40E-06;0,000492746;FP236735,1
222;ENSDARG00000102271;416,1961329;0,783991432;0,217205567;12,86231718;0,000335265;0,024594992;si:dkey-203a12,2
80;ENSDARG00000069752;7589,506787;0,78667331;0,16613091;22,14496929;2,53E-06;0,000513504;ckba
313;ENSDARG00000078425;954,9349789;0,79106672;0,238506917;10,87778043;0,000973248;0,050524947;oat
121;ENSDARG00000100869;624,5597326;0,792009269;0,187998755;17,55721363;2,79E-05;0,003713178;adcy9
304;ENSDARG00000103002;151,3335449;0,796412481;0,238753901;11,06784484;0,000878377;0,047095668;nptna
26;ENSDARG00000029747;19095,15445;0,812433027;0,123507713;42,71652852;6,33E-11;3,95E-08;mep1a,1
57;ENSDARG00000013871;17529,27619;0,816530236;0,155672997;27,15448885;1,88E-07;5,26E-05;slc5a1
144;ENSDARG00000103042;169,200881;0,827384228;0,20637577;15,99784303;6,34E-05;0,007197716;ddah1
209;ENSDARG00000003380;345,5594168;0,830282251;0,227750595;13,11266764;0,000293306;0,022803469;si:dkey-275b16,2
325;ENSDARG00000010785;165,5883246;0,836515326;0,255339649;10,63033245;0,001112477;0,055283062;thbs1b
299;ENSDARG00000103692;857,1342938;0,838066381;0,249596269;11,12587268;0,000851318;0,046264442;p4ha3
350;ENSDARG00000002396;148,7415467;0,843677431;0,2608811;10,33461153;0,001305586;0,060568522;cry-dash
127;ENSDARG00000079043;1051,567842;0,846258081;0,203661387;17,04234236;3,66E-05;0,004677088;si:dkeyp-75b4,10
61;ENSDARG00000002748;4098,582052;0,852608794;0,166638428;25,81908363;3,75E-07;9,99E-05;sema6d
96;ENSDARG00000105714;2454,341212;0,8575102;0,193626217;19,2522874;1,15E-05;0,001938592;CABZ01083442,1
39;ENSDARG00000053774;8831,989272;0,866745942;0,148555255;33,52813267;7,02E-09;2,93E-06;alpi,2
371;ENSDARG00000023062;103,5935738;0,869757398;0,273269887;10,07260869;0,001504898;0,065883023;ccn1
143;ENSDARG00000099757;291,1499238;0,878306698;0,218617107;15,98676782;6,38E-05;0,007197716;wdr47b
393;ENSDARG00000031683;453,9611939;0,879851273;0,280429039;9,715619942;0,001827084;0,075556326;fosab
448;ENSDARG00000096445;11554,31843;0,887887961;0,294285062;8,963707465;0,002753955;0,09988618;si:ch211-214p16,3
69;ENSDARG00000058953;1178,399353;0,888287352;0,179698986;24,09262804;9,18E-07;0,000216208;abcc4
60;ENSDARG00000013087;493,1398232;0,894771712;0,173035005;26,45720415;2,69E-07;7,30E-05;ndrg3a
37;ENSDARG00000012829;14159,10142;0,915314326;0,153975915;34,76711918;3,72E-09;1,63E-06;asah2
101;ENSDARG00000102048;164,7066574;0,918119283;0,209738008;19,05291852;1,27E-05;0,002045495;slc25a43
406;ENSDARG00000037551;239,6218756;0,919005287;0,294764491;9,540786503;0,002009556;0,080426792;pm20d1,1
440;ENSDARG00000040059;1056,154938;0,931025081;0,304735419;9,10284017;0,002552129;0,094381271;gbp
401;ENSDARG00000039730;7758,028132;0,942010655;0,299412048;9,585988512;0,001960678;0,079449039;zgc:112160
308;ENSDARG00000021339;30307,79531;0,94602387;0,281475469;10,94731466;0,000937394;0,049345004;cpa5
259;ENSDARG00000040523;103,3458818;0,947552989;0,272293782;12,04135475;0,000520331;0,032518712;smpd2a
103;ENSDARG00000010519;6599,750754;0,950212428;0,217014853;18,79227272;1,46E-05;0,002295509;per3
351;ENSDARG00000096754;78,04526001;0,951881854;0,295474525;10,32544231;0,001312088;0,060568522;CU570682,1
198;ENSDARG00000091609;1936,071429;0,957868747;0,256889606;13,58498727;0,000228002;0,018739293;spink4
109;ENSDARG00000068181;1150,498412;0,96199015;0,222824769;18,26018234;1,93E-05;0,002872542;dpep1
147;ENSDARG00000087297;463,9475705;0,963663657;0,239063058;15,89773543;6,69E-05;0,007418281;si:dkey-152b24,8
62;ENSDARG00000079009;795,3642422;0,972110151;0,191028009;25,49858088;4,43E-07;0,000116025;abca1b
297;ENSDARG00000042993;44436,07945;0,975033346;0,286408028;11,20137898;0,000817366;0,044718434;prss1
89;ENSDARG00000109683;277,0197495;0,978279385;0,215613159;20,3084957;6,59E-06;0,001203289;FO904885,1
181;ENSDARG00000070918;394,7121328;0,984949413;0,258466857;14,2598689;0,000159224;0,014294067;si:ch211-284e20,8
418;ENSDARG00000045835;653,3263756;0,995141846;0,31968529;9,377024376;0,002197219;0,085305125;si:dkey-14d8,6
41;ENSDARG00000053097;699,2317509;0,998531605;0,174631787;32,1445373;1,43E-08;5,67E-06;hsf2
12;ENSDARG00000103878;33353,8604;1,004097918;0,116402189;72,97361127;1,31E-17;1,78E-14;anpepb
36;ENSDARG00000102403;547,2985303;1,007024089;0,169116253;34,96789981;3,35E-09;1,51E-06;cry2
122;ENSDARG00000103833;493,5538628;1,010801032;0,238546581;17,56542946;2,78E-05;0,003713178;spink2,2
153;ENSDARG00000042535;964,6436363;1,014837465;0,255725001;15,45113779;8,47E-05;0,008883894;actc1a
137;ENSDARG00000007534;340,8894753;1,01660867;0,250375449;16,16015584;5,82E-05;0,006903529;itln1
33;ENSDARG00000078095;833,2784875;1,020695196;0,168571855;36,05580299;1,92E-09;9,44E-07;cipcb
237;ENSDARG00000007276;24251,89231;1,038953588;0,289651953;12,39213141;0,000431147;0,029559936;ela3l
47;ENSDARG00000058678;498,2898582;1,041717934;0,190576673;29,31469596;6,15E-08;2,13E-05;aqp10b
131;ENSDARG00000068680;14518,80998;1,052959196;0,252096576;16,90131879;3,94E-05;0,004883906;ctrl
75;ENSDARG00000070892;5078,865616;1,056139365;0,218067886;22,7790669;1,82E-06;0,000393734;si:ch211-262h13,5
10;ENSDARG00000101160;2421,260881;1,056989089;0,120708564;75,24109361;4,17E-18;6,77E-15;apoa4a
189;ENSDARG00000058574;1770,360822;1,059889969;0,279135378;13,94289465;0,000188449;0,016201594;abcg2c
159;ENSDARG00000041623;1705,246016;1,082589998;0,273332382;15,14669011;9,95E-05;0,010165593;mt2
217;ENSDARG00000023287;197,2850871;1,084650743;0,299109065;12,90997011;0,000326837;0,024317365;hsd17b3
35;ENSDARG00000056765;31340,79389;1,099778603;0,181380561;35,81483294;2,17E-09;1,01E-06;ela2l
186;ENSDARG00000029822;6775,413471;1,101612327;0,288140506;14,03533456;0,000179407;0,015589338;cel,2
257;ENSDARG00000074613;694,5859707;1,109969199;0,313026505;12,09495643;0,000505584;0,031982435;si:ch211-240l19,6
86;ENSDARG00000094408;157,1733684;1,11003978;0,239723563;21,17802953;4,19E-06;0,000790788;si:ch1073-110a20,1
22;ENSDARG00000092126;1531,222723;1,115916794;0,159706338;47,70715216;4,95E-12;3,66E-09;vtg5
220;ENSDARG00000017490;7692,62856;1,120676975;0,305822181;12,88851775;0,000330604;0,024418123;cel,1
282;ENSDARG00000044566;42868,88813;1,131323652;0,324426666;11,57421721;0,000668726;0,038396204;fabp6
6;ENSDARG00000056719;28838,3867;1,132237071;0,12419266;81,09129909;2,16E-19;5,00E-16;slc6a19b
403;ENSDARG00000031337;60,38386151;1,13619117;0,364239029;9,568192346;0,001979776;0,079726929;hoxa10b
316;ENSDARG00000043173;827,8232299;1,141285043;0,341469656;10,77508114;0,001028757;0,0528996;cela1,3
180;ENSDARG00000092806;120,6474153;1,157901686;0,3038847;14,29126541;0,00015659;0,01413571;si:ch1073-110a20,2
196;ENSDARG00000040433;7942,414919;1,164327868;0,309557698;13,5821616;0,000228345;0,018739293;cyp2k22
254;ENSDARG00000079296;1152,524857;1,168451412;0,329044273;12,11613548;0,000499874;0,031852749;gcga
140;ENSDARG00000036045;698,5139948;1,189176377;0,29178885;16,07758309;6,08E-05;0,007056651;penkb
215;ENSDARG00000097353;83,6939081;1,19127111;0,327966024;12,96309801;0,000317691;0,024010055;BX324164,3
9;ENSDARG00000091560;5046,837497;1,197082193;0,134831235;76,75523649;1,94E-18;3,49E-15;slc6a19a,2
130;ENSDARG00000037121;473,5849448;1,223414497;0,293269869;16,91792396;3,90E-05;0,00487861;mat2ab
373;ENSDARG00000104916;54,71657844;1,232624338;0,385226895;10,0625077;0,001513171;0,065918282;si:dkey-71l4,4
172;ENSDARG00000040282;4952,119244;1,23385498;0,312430732;14,83217944;0,000117513;0,011101578;zgc:92590
4;ENSDARG00000060671;1942,739639;1,246083883;0,128107904;92,22655325;7,73E-22;3,14E-18;lct
260;ENSDARG00000095462;519,1031417;1,256797562;0,352625228;12,044117;0,000519561;0,032518712;cela1,2
16;ENSDARG00000039117;980,2231549;1,268008936;0,158609331;62,2882013;2,97E-15;3,01E-12;tefa
65;ENSDARG00000076313;377,2147009;1,269494279;0,249309648;25,09764726;5,45E-07;0,00013624;si:ch211-240l19,7
138;ENSDARG00000043722;1938,338781;1,275044966;0,309066346;16,13126918;5,91E-05;0,006958829;cpa4
68;ENSDARG00000100439;145,8951911;1,276624776;0,257931333;24,12525804;9,03E-07;0,000215702;FAM177A1
223;ENSDARG00000086746;101,7441085;1,293783673;0,357006337;12,84728362;0,00033797;0,024626307;prodha
119;ENSDARG00000055618;184,4886131;1,293977399;0,30434593;17,63455933;2,68E-05;0,003680086;acta1b
25;ENSDARG00000076011;2152,960202;1,295601101;0,193992311;43,19259744;4,96E-11;3,22E-08;PPM1K
40;ENSDARG00000053526;5682,639871;1,301660484;0,224262601;32,62251928;1,12E-08;4,55E-06;enpp7,1
115;ENSDARG00000033662;395,4593871;1,30351214;0,303496599;17,90210746;2,33E-05;0,00326313;scd
116;ENSDARG00000098677;177,7174798;1,367169719;0,324579022;17,91062605;2,32E-05;0,00326313;zgc:174180
8;ENSDARG00000012499;776,4043216;1,464384449;0,164121361;77,23317588;1,52E-18;3,09E-15;per1b
14;ENSDARG00000024195;563,3515447;1,468697077;0,174453538;68,85585952;1,06E-16;1,23E-13;znf395b
395;ENSDARG00000075397;32,97586865;1,476425367;0,472658044;9,692329175;0,001850388;0,076118889;cipca
83;ENSDARG00000039393;207,4556815;1,477812222;0,31304907;21,41618592;3,70E-06;0,000718491;si:ch211-240l19,5
30;ENSDARG00000058094;1427,861909;1,495990285;0,238090378;37,65388232;8,45E-10;4,50E-07;ciarta
265;ENSDARG00000044501;55,36839958;1,522506562;0,438048589;11,84187175;0,000579136;0,035510861;viml
5;ENSDARG00000079166;15651,46191;1,528339922;0,161424787;85,77572283;2,02E-20;6,55E-17;ace
435;ENSDARG00000075043;39,07692378;1,541045867;0,501886123;9,155249856;0,002480055;0,092640036;si:dkeyp-123h10,2
87;ENSDARG00000103277;75,55616257;1,557470088;0,336124389;21,07352981;4,42E-06;0,000825509;cyp24a1
67;ENSDARG00000078733;479,9474815;1,598166745;0,312298187;24,93469893;5,93E-07;0,000143829;cnnm2b
250;ENSDARG00000092725;160,07491;1,598640411;0,448958408;12,18633517;0,000481409;0,031289639;si:dkey-188i13,8
276;ENSDARG00000087403;78,76735539;1,600541922;0,460936949;11,67924384;0,000632012;0,03720857;si:ch211-214p13,3
28;ENSDARG00000014916;377,6707558;1,642181103;0,256119391;39,19127487;3,84E-10;2,23E-07;slc10a2
43;ENSDARG00000094845;151,1964369;1,648553328;0,290294002;31,35081114;2,15E-08;8,14E-06;zmp:0000001323
305;ENSDARG00000032631;70,34163829;1,668759664;0,490201853;11,04430825;0,000889599;0,047393746;ltb4r
21;ENSDARG00000068374;1120,361097;1,74312225;0,236276741;51,57542965;6,89E-13;5,33E-10;si:ch211-132b12,7
274;ENSDARG00000089307;122,9928478;1,743245911;0,496634062;11,72851779;0,000615496;0,036500706;pmaip1
207;ENSDARG00000021789;40,42602655;1,803884834;0,489392924;13,20716078;0,000278882;0,021891526;myoc
166;ENSDARG00000090783;70,99118474;1,821086774;0,459633833;14,95055433;0,000110366;0,0108032;mfap4
15;ENSDARG00000093629;216,9752501;1,84901057;0,231663684;65,22564509;6,68E-16;7,24E-13;si:ch211-106h4,4
38;ENSDARG00000102241;89,78629971;1,855484896;0,312845728;34,50938526;4,24E-09;1,81E-06;zgc:136410
23;ENSDARG00000007040;302,5093785;1,898660179;0,274618598;45,53376307;1,50E-11;1,06E-08;tmigd1
20;ENSDARG00000057652;157,5278866;1,912929073;0,251005392;56,40303555;5,90E-14;4,80E-11;dbpb
216;ENSDARG00000044684;44,653507;1,966458472;0,537671691;12,94741281;0,000320364;0,02409997;rbp4l
249;ENSDARG00000054890;92,82576163;1,970768545;0,619693004;12,19560725;0,000479022;0,031259539;rgra
112;ENSDARG00000088171;34,10374759;1,971714184;0,464363563;17,98394886;2,23E-05;0,003232035;ciartb
157;ENSDARG00000109390;44,24208289;2,006034522;0,502812483;15,31931051;9,08E-05;0,009395828;si:ch211-66i15,5
63;ENSDARG00000093877;169,1132336;2,070503903;0,39802359;25,41680902;4,62E-07;0,000119127;si:zfos-2330d3,7
78;ENSDARG00000097446;67,08841999;2,073335544;0,428329306;22,32056737;2,31E-06;0,000480642;si:ch211-66i15,5
34;ENSDARG00000110173;1037,561137;2,119977632;0,340227331;35,91051149;2,07E-09;9,87E-07;BX323861,3
3;ENSDARG00000056885;254,1262161;2,364490122;0,230088128;101,3510757;7,70E-24;4,17E-20;per1a
102;ENSDARG00000095040;53,56009104;2,385579806;0,534510605;18,99906024;1,31E-05;0,002083422;cbln7
2;ENSDARG00000033160;907,2026967;2,553293549;0,179678627;185,1645414;3,61E-42;2,94E-38;nr1d1
339;ENSDARG00000012422;24,14508545;2,57689458;0,754476168;10,47788607;0,001208119;0,057907751;col11a2
303;ENSDARG00000076056;38,38979791;2,726451534;0,795683698;11,06506342;0,000879696;0,047095668;IYD
11;ENSDARG00000090814;90,32440515;2,752926818;0,321093679;73,69812528;9,10E-18;1,34E-14;si:dkey-18a10,3
227;ENSDARG00000091954;42,3400201;2,762801618;0,754730736;12,74386246;0,000357179;0,02556743;si:dkeyp-122a9,1
17;ENSDARG00000104949;647,769998;3,185662793;0,368168666;61,77879293;3,84E-15;3,67E-12;slc27a1b
51;ENSDARG00000070396;160,2744397;3,433698319;0,67620758;28,14197665;1,13E-07;3,59E-05;serpinb1l2
244;ENSDARG00000003197;48,84274759;3,633317933;0,979274269;12,22228442;0,000472221;0,03106081;wdr21
31;ENSDARG00000075963;5813,050395;4,863193685;0,655688023;37,62203566;8,59E-10;4,50E-07;mhc1uba
66;ENSDARG00000100981;32,88036511;5,124066243;0,992953888;24,99263234;5,75E-07;0,000141686;CCDC39